{"nodes":{"node:1":{"location":{"x":-32,"y":32}},"node:2":{"location":{"x":-16,"y":144}},"node:3":{"location":{"x":-32,"y":272}}},"selection":["node:1"],"view":{"scroll":{"x":-57.9488067626953125,"y":19.0967960357666016},"visible_rect":{"max":{"x":441.6336669921875,"y":383.994781494140625},"min":{"x":-57.6333160400390625,"y":18.992828369140625}},"zoom":1.00547409057617188}}